{
  "name": "reconnaitre_les_nombres_ayant_un_nombre_de_un_pair",
  "hiddenLayerWeights": [
   [
     [
       -0.16595599,
       0.44064899,
       -0.99977125,
       -0.39533485
     ],

     [
       -0.70648822,
       -0.81532281,
       -0.62747958,
       -0.30887855
     ],

     [
       -0.20646505,
       0.07763347,
       -0.16161097,
       0.370439
     ],

     [
       -0.5910955,
       0.75623487,
       -0.94522481,
       0.34093502
     ]
   ]
  ],
  "hiddenLayerBiais": [
    [
      0.0,
      0.0,
      0.0,
      0.0
    ]
  ],
  "outputLayerWeight": [
    [
      -0.1653904,
      0.11737966,
      -0.71922612,
      -0.60379702
    ]
  ],
  "outputLayerBias": [
    0.0
  ],
  "tauxApprentissage": 0.1
}